"module_num","phenotype_name","protected_criteria","protected_markers","transition_criteria","transition_markers","debt_criteria","debt_markers"
"01","Intellectual Phenotype","Mild or absent symptoms; functional independence","Biomarkers within normative range","Moderate symptoms; partial functional impairment","Biomarkers approaching pathological thresholds","Severe symptoms; significant functional impairment","Breath-hold < 20 s; saccade latency > 300 ms; chronic vagal withdrawal; elevated resting heart rate > 95 bpm"
"01","Global Developmental Delay Phenotype","Mild or absent symptoms; functional independence","Biomarkers within normative range","Moderate symptoms; partial functional impairment","Biomarkers approaching pathological thresholds","Severe symptoms; significant functional impairment","Global delay across all domains with loss of previously acquired skills; developmental regression"
"01","Language Ontogeny Delay","Mild or absent symptoms; functional independence","Biomarkers within normative range","Moderate symptoms; partial functional impairment","Biomarkers approaching pathological thresholds","Severe symptoms; significant functional impairment","Profound language impairment; absent perisylvian activation on fMRI"
"01","Speech Sound Ontogeny","Mild or absent symptoms; functional independence","Biomarkers within normative range","Moderate symptoms; partial functional impairment","Biomarkers approaching pathological thresholds","Severe symptoms; significant functional impairment","Corticobulbar conduction time severely prolonged; unable to produce intelligible speech"
"01","Fluency Ontogeny — Stuttering Phenotype","Mild or absent symptoms; functional independence","Biomarkers within normative range","Moderate symptoms; partial functional impairment","Biomarkers approaching pathological thresholds","Severe symptoms; significant functional impairment","Reduced putamen volume; right-lateralized speech activation; finger-tap asymmetry >15%; elevated galvanic skin response >5 microsiemens during speech"
"01","Social Pragmatic Phenotype","Mild or absent symptoms; functional independence","Biomarkers within normative range","Moderate symptoms; partial functional impairment","Biomarkers approaching pathological thresholds","Severe symptoms; significant functional impairment","Absent mPFC activation during mentalizing tasks; profound pragmatic deficits"
"01","Autism Spectrum Phenotype","Mild or absent symptoms; functional independence","Biomarkers within normative range","Moderate symptoms; partial functional impairment","Biomarkers approaching pathological thresholds","Severe symptoms; significant functional impairment","Pupillary adaptation <10%; antisaccade errors >30%; absent acoustic startle habituation"
"01","Attention-Drive Regulation Phenotype","Mild or absent symptoms; functional independence","Biomarkers within normative range","Moderate symptoms; partial functional impairment","Biomarkers approaching pathological thresholds","Severe symptoms; significant functional impairment","Theta/beta ratio >4.0; RT variability >80 ms; delay discounting rate >0.05; elevated cortisol"
"01","Specific Learning Phenotype","Mild or absent symptoms; functional independence","Biomarkers within normative range","Moderate symptoms; partial functional impairment","Biomarkers approaching pathological thresholds","Severe symptoms; significant functional impairment","RAN >90 s; pseudoword repetition <70%; number line error >15 marks; absent domain-specific activation on fMRI"
"01","Motor Coordination Phenotype","Mild or absent symptoms; functional independence","Biomarkers within normative range","Moderate symptoms; partial functional impairment","Biomarkers approaching pathological thresholds","Severe symptoms; significant functional impairment","Falls off tandem gait line repeatedly; finger-to-nose >5 cm error; <10 cycles pronation-supination"
"01","Stereotypic Movement Phenotype","Mild or absent symptoms; functional independence","Biomarkers within normative range","Moderate symptoms; partial functional impairment","Biomarkers approaching pathological thresholds","Severe symptoms; significant functional impairment","Does not stop with distraction; self-injury present; requires physical protective measures"
"01","Tourette's Phenotype","Mild or absent symptoms; functional independence","Biomarkers within normative range","Moderate symptoms; partial functional impairment","Biomarkers approaching pathological thresholds","Severe symptoms; significant functional impairment","Reduced putamen volume on MRI; urge suppression <5 s; continuous tics during rest"
"01","Persistent (Chronic) Motor or Vocal Tic Phenotype","Mild or absent symptoms; functional independence","Biomarkers within normative range","Moderate symptoms; partial functional impairment","Biomarkers approaching pathological thresholds","Severe symptoms; significant functional impairment","Urge suppression <5 s; tics interfere with function; stable topography"
"01","Provisional Tic Phenotype","Mild or absent symptoms; functional independence","Biomarkers within normative range","Moderate symptoms; partial functional impairment","Biomarkers approaching pathological thresholds","Severe symptoms; significant functional impairment","Tics suppressible >30 s; no functional impairment; resolve within 12 months"
"01","Intellectual Phenotype — Genetic Syndrome Subtype","Mild or absent symptoms; functional independence","Biomarkers within normative range","Moderate symptoms; partial functional impairment","Biomarkers approaching pathological thresholds","Severe symptoms; significant functional impairment","Syndrome-specific markers; IQ <40; continuous supervision required"
"01","Language Ontogeny — Social Communication Subtype","Mild or absent symptoms; functional independence","Biomarkers within normative range","Moderate symptoms; partial functional impairment","Biomarkers approaching pathological thresholds","Severe symptoms; significant functional impairment","Minimal verbal output; absent pragmatic understanding; severe social impairment"
"01","ADHD — Inattentive Predominance","Mild or absent symptoms; functional independence","Biomarkers within normative range","Moderate symptoms; partial functional impairment","Biomarkers approaching pathological thresholds","Severe symptoms; significant functional impairment","Theta/beta ratio >3.5; digit span forward <5; RT variability >70 ms"
"01","ADHD — Hyperactive-Impulsive Predominance","Mild or absent symptoms; functional independence","Biomarkers within normative range","Moderate symptoms; partial functional impairment","Biomarkers approaching pathological thresholds","Severe symptoms; significant functional impairment","Inability to sit still for >2 min; continuous fidgeting; impaired Go/No-Go performance"
"02","Schizotypal Phenotype","Mild or absent symptoms; functional independence","Biomarkers within normative range","Moderate symptoms; partial functional impairment","Biomarkers approaching pathological thresholds","Severe symptoms; significant functional impairment","P50 ratio >0.7; hippocampal volume <5th percentile for age; absent dexamethasone suppression"
"02","Delusional Phenotype","Mild or absent symptoms; functional independence","Biomarkers within normative range","Moderate symptoms; partial functional impairment","Biomarkers approaching pathological thresholds","Severe symptoms; significant functional impairment","Striatal F-DOPA uptake >1.3 Ki; complete dexamethasone nonsuppression; reduced hippocampal volume"
"02","Brief Psychotic Phenotype","Mild or absent symptoms; functional independence","Biomarkers within normative range","Moderate symptoms; partial functional impairment","Biomarkers approaching pathological thresholds","Severe symptoms; significant functional impairment","Cortisol >25 mcg/dL; plasma HVA elevated >50% above baseline; abnormal Luria sequences"
"02","Schizophreniform Phenotype","Mild or absent symptoms; functional independence","Biomarkers within normative range","Moderate symptoms; partial functional impairment","Biomarkers approaching pathological thresholds","Severe symptoms; significant functional impairment","Striatal F-DOPA uptake >1.3 Ki; ventricular enlargement >2 SD above mean; progressive cortical volume loss"
"02","Schizophrenia Phenotype","Mild or absent symptoms; functional independence","Biomarkers within normative range","Moderate symptoms; partial functional impairment","Biomarkers approaching pathological thresholds","Severe symptoms; significant functional impairment","Striatal F-DOPA >1.3 Ki; ventricular-brain ratio >0.35; progressive volume loss on serial MRI; absent dexamethasone suppression"
"02","Schizoaffective Phenotype","Mild or absent symptoms; functional independence","Biomarkers within normative range","Moderate symptoms; partial functional impairment","Biomarkers approaching pathological thresholds","Severe symptoms; significant functional impairment","HVA >1.3 Ki; DST nonsuppression; elevated CSF 5-HIAA; absent nocturnal blood pressure dip"
"02","Substance/Medication-Induced Psychotic Phenotype","Mild or absent symptoms; functional independence","Biomarkers within normative range","Moderate symptoms; partial functional impairment","Biomarkers approaching pathological thresholds","Severe symptoms; significant functional impairment","Positive toxicology matching symptom type; autonomic instability; elevated creatine kinase"
"02","Psychotic Phenotype Due to Another Medical Condition","Mild or absent symptoms; functional independence","Biomarkers within normative range","Moderate symptoms; partial functional impairment","Biomarkers approaching pathological thresholds","Severe symptoms; significant functional impairment","Abnormal EEG (temporal spikes); positive autoimmune antibodies in CSF; endocrine panels outside reference range"
"02","Catatonia Associated With Another Psychotic Phenotype","Mild or absent symptoms; functional independence","Biomarkers within normative range","Moderate symptoms; partial functional impairment","Biomarkers approaching pathological thresholds","Severe symptoms; significant functional impairment","3+ catatonic signs present; elevated CK >1000 U/L; fever; autonomic instability"
"02","Catatonic Phenotype Due to Another Medical Condition","Mild or absent symptoms; functional independence","Biomarkers within normative range","Moderate symptoms; partial functional impairment","Biomarkers approaching pathological thresholds","Severe symptoms; significant functional impairment","CK >1000 U/L; autonomic instability; fever; identifiable organic etiology (ammonia >150; Na <120; Ca >14 mg/dL)"
"02","Unspecified Catatonic Phenotype","Mild or absent symptoms; functional independence","Biomarkers within normative range","Moderate symptoms; partial functional impairment","Biomarkers approaching pathological thresholds","Severe symptoms; significant functional impairment","3+ catatonic signs requiring emergency intervention; workup in progress"
"02","Other Specified Schizophrenia Spectrum Phenotype","Mild or absent symptoms; functional independence","Biomarkers within normative range","Moderate symptoms; partial functional impairment","Biomarkers approaching pathological thresholds","Severe symptoms; significant functional impairment","Partial psychotic syndrome; functional decline without full criteria"
"02","Unspecified Schizophrenia Spectrum Phenotype","Mild or absent symptoms; functional independence","Biomarkers within normative range","Moderate symptoms; partial functional impairment","Biomarkers approaching pathological thresholds","Severe symptoms; significant functional impairment","Symptoms present but unable to classify due to insufficient information"
"03","Manic Activation Phenotype","Mild or absent symptoms; functional independence","Biomarkers within normative range","Moderate symptoms; partial functional impairment","Biomarkers approaching pathological thresholds","Severe symptoms; significant functional impairment","RSA <8 bpm; sleep <4.5 h; speech rate >4.5 syl/s with grandiosity content; HRV HF <400 ms2; plasma norepinephrine >600 pg/mL"
"03","Hypomanic Activation Phenotype","Mild or absent symptoms; functional independence","Biomarkers within normative range","Moderate symptoms; partial functional impairment","Biomarkers approaching pathological thresholds","Severe symptoms; significant functional impairment","RSA <8 bpm; sleep <5.5 h; pause fraction <15%; HRV HF <300 ms2; speech rate >4.5 syl/s with pressured quality"
"03","Depressive Collapse Phenotype","Mild or absent symptoms; functional independence","Biomarkers within normative range","Moderate symptoms; partial functional impairment","Biomarkers approaching pathological thresholds","Severe symptoms; significant functional impairment","Evening cortisol >10 mcg/dL; IL-6 >5 pg/mL; kynurenine/tryptophan >0.05; cryogenic index >2.0; HR recovery <12 bpm"
"03","Bipolar II Phenotype","Mild or absent symptoms; functional independence","Biomarkers within normative range","Moderate symptoms; partial functional impairment","Biomarkers approaching pathological thresholds","Severe symptoms; significant functional impairment","RSA variance >6 bpm; sleep midpoint SD >2 h; <40% euthymic days; HRV HF <300 ms2; flat cortisol diurnal slope"
"03","Cyclothymic Oscillation Phenotype","Mild or absent symptoms; functional independence","Biomarkers within normative range","Moderate symptoms; partial functional impairment","Biomarkers approaching pathological thresholds","Severe symptoms; significant functional impairment","Pulse CV >15%; appetite variance >4; RSA alternating <8/>14 bpm; sleep <6 or >9 h; any subsyndromal crossover toward Somatic Debt thresholds"
"03","Substance/Medication-Induced Bipolar Phenotype","Mild or absent symptoms; functional independence","Biomarkers within normative range","Moderate symptoms; partial functional impairment","Biomarkers approaching pathological thresholds","Severe symptoms; significant functional impairment","Symptoms persist >30 days after drug clearance; RSA <8 bpm after drug clearance; autonomous bipolar phenotype now established"
"03","Medical Condition-Coupled Bipolar Phenotype","Mild or absent symptoms; functional independence","Biomarkers within normative range","Moderate symptoms; partial functional impairment","Biomarkers approaching pathological thresholds","Severe symptoms; significant functional impairment","Laboratory values at or above diagnostic thresholds; RSA <8 bpm; structural lesion present"
"03","Subthreshold Bipolar Phenotype","Mild or absent symptoms; functional independence","Biomarkers within normative range","Moderate symptoms; partial functional impairment","Biomarkers approaching pathological thresholds","Severe symptoms; significant functional impairment","Approaching full Manic or Depressive Collapse thresholds; conversion risk high"
"03","Unspecified Bipolar Phenotype","Mild or absent symptoms; functional independence","Biomarkers within normative range","Moderate symptoms; partial functional impairment","Biomarkers approaching pathological thresholds","Severe symptoms; significant functional impairment","Crisis intervention required; phenotype assignment deferred until stabilization"
"03","Rapid Cycling Specifier","Mild or absent symptoms; functional independence","Biomarkers within normative range","Moderate symptoms; partial functional impairment","Biomarkers approaching pathological thresholds","Severe symptoms; significant functional impairment","RSA variance >6 bpm; >4 episode demarcations/year; HRV HF <300 ms2"
"04","Disruptive Mood Dysregulation Phenotype","Mild or absent symptoms; functional independence","Biomarkers within normative range","Moderate symptoms; partial functional impairment","Biomarkers approaching pathological thresholds","Severe symptoms; significant functional impairment","RSA <8 bpm; SCR latency <1.0 s; outbursts >4/week; recovery >30 min or failure to return to baseline"
"04","Major Depressive Phenotype","Mild or absent symptoms; functional independence","Biomarkers within normative range","Moderate symptoms; partial functional impairment","Biomarkers approaching pathological thresholds","Severe symptoms; significant functional impairment","DST non-suppression >5.0 mcg/dL; corrugator EMG >50 microV; HR recovery <12 bpm; evening cortisol >10 mcg/dL; IL-6 >5 pg/mL; kyn/tryp >0.05; grip <25/15 kg"
"04","Persistent Depressive Phenotype","Mild or absent symptoms; functional independence","Biomarkers within normative range","Moderate symptoms; partial functional impairment","Biomarkers approaching pathological thresholds","Severe symptoms; significant functional impairment","Hair cortisol >10 pg/mg; RMSSD <25 ms; sleep onset SD <30 or >180 min; k >0.05; full Criterion B symptom load >=4 with no 2-month respite"
"04","Premenstrual Dysphoric Phenotype","Mild or absent symptoms; functional independence","Biomarkers within normative range","Moderate symptoms; partial functional impairment","Biomarkers approaching pathological thresholds","Severe symptoms; significant functional impairment","RSA delta >4 bpm; DRSP luteal mean >3x follicular; follicular score >2; luteal cortisol >8 nmol/L; marked functional impairment"
"04","Substance/Medication-Induced Depressive Phenotype","Mild or absent symptoms; functional independence","Biomarkers within normative range","Moderate symptoms; partial functional impairment","Biomarkers approaching pathological thresholds","Severe symptoms; significant functional impairment","Symptoms persist >4 weeks after clearance; PHQ-9 >10 after full drug clearance; DST non-suppression; RSA <8 bpm; independent depressive oscillator now established"
"04","Medical Condition-Coupled Depressive Phenotype","Mild or absent symptoms; functional independence","Biomarkers within normative range","Moderate symptoms; partial functional impairment","Biomarkers approaching pathological thresholds","Severe symptoms; significant functional impairment","Biomarkers at diagnostic threshold; PHQ-9 >10; RSA <10 bpm; DST non-suppression"
"04","Subthreshold Depressive Phenotype","Mild or absent symptoms; functional independence","Biomarkers within normative range","Moderate symptoms; partial functional impairment","Biomarkers approaching pathological thresholds","Severe symptoms; significant functional impairment","Episodes approaching 14 days; approaching 5 symptoms; RSA <10 bpm between episodes; on trajectory to meet full MDE criteria"
"04","Unspecified Depressive Phenotype","Mild or absent symptoms; functional independence","Biomarkers within normative range","Moderate symptoms; partial functional impairment","Biomarkers approaching pathological thresholds","Severe symptoms; significant functional impairment","Crisis with no biometric baseline; emergency intervention required; phenotype assignment deferred until stabilization"
"05","Proximal Separation Phenotype","Mild or absent symptoms; functional independence","Biomarkers within normative range","Moderate symptoms; partial functional impairment","Biomarkers approaching pathological thresholds","Severe symptoms; significant functional impairment","HRV <20 ms RMSSD; cortisol diurnal flattening; elevated CRP; refusal to separate; panic at anticipated separation"
"05","Vocal Selective Engagement Phenotype","Mild or absent symptoms; functional independence","Biomarkers within normative range","Moderate symptoms; partial functional impairment","Biomarkers approaching pathological thresholds","Severe symptoms; significant functional impairment","Dorsal vagal immobilization; laryngeal fixity on EMG; HR deceleration >10 bpm; inability to phonate"
"05","Conditioned Threat Reactivity Phenotype","Mild or absent symptoms; functional independence","Biomarkers within normative range","Moderate symptoms; partial functional impairment","Biomarkers approaching pathological thresholds","Severe symptoms; significant functional impairment","SNS activation >3x baseline; syncope risk; complete avoidance lifestyle; avoidance-induced muscle atrophy"
"05","Social-Evaluative Threat Phenotype","Mild or absent symptoms; functional independence","Biomarkers within normative range","Moderate symptoms; partial functional impairment","Biomarkers approaching pathological thresholds","Severe symptoms; significant functional impairment","Pronounced blushing; gross tremor; voice break; profuse sweating; social isolation; panic in evaluative contexts"
"05","Unexpected Autonomic Cascade Phenotype","Mild or absent symptoms; functional independence","Biomarkers within normative range","Moderate symptoms; partial functional impairment","Biomarkers approaching pathological thresholds","Severe symptoms; significant functional impairment","Breath-hold <20 s; hyperventilation tendency; HRV <15 ms; elevated CO2 sensitivity; recurrent unexpected full panic attacks with agoraphobic avoidance"
"05","Spatial Safety Dysregulation Phenotype","Mild or absent symptoms; functional independence","Biomarkers within normative range","Moderate symptoms; partial functional impairment","Biomarkers approaching pathological thresholds","Severe symptoms; significant functional impairment","Marked Romberg instability; gait <0.8 m/s; freezing behavior; homebound; unable to navigate alone"
"05","Chronic Worry Perseveration Phenotype","Mild or absent symptoms; functional independence","Biomarkers within normative range","Moderate symptoms; partial functional impairment","Biomarkers approaching pathological thresholds","Severe symptoms; significant functional impairment","Cortisol flat diurnal curve; HRV <15 ms; RR >18; insomnia; exhaustion; constant worry; chronic muscle pain; palpable trigger points in 2+ muscle groups"
"05","Substance/Medication-Induced Anxiety Phenotype","Mild or absent symptoms; functional independence","Biomarkers within normative range","Moderate symptoms; partial functional impairment","Biomarkers approaching pathological thresholds","Severe symptoms; significant functional impairment","Severe anxiety requiring medical attention; positive toxicology; autonomic instability; unable to clear substance"
"05","Somatic-Secondary Anxiety Phenotype","Mild or absent symptoms; functional independence","Biomarkers within normative range","Moderate symptoms; partial functional impairment","Biomarkers approaching pathological thresholds","Severe symptoms; significant functional impairment","Marked lab abnormalities; hospitalization-level anxiety; disease-driven panic; severe functional impairment"
"05","Subthreshold Anxiety Presentation","Mild or absent symptoms; functional independence","Biomarkers within normative range","Moderate symptoms; partial functional impairment","Biomarkers approaching pathological thresholds","Severe symptoms; significant functional impairment","Significant distress despite subthreshold criteria; functional impairment; measurable autonomic deviation"
"05","Unspecified Anxiety Presentation","Mild or absent symptoms; functional independence","Biomarkers within normative range","Moderate symptoms; partial functional impairment","Biomarkers approaching pathological thresholds","Severe symptoms; significant functional impairment","Severe anxiety requiring immediate intervention before full phenotyping; elevated HR/BP requiring stabilization"
"05","Panic Attack Specifier","Mild or absent symptoms; functional independence","Biomarkers within normative range","Moderate symptoms; partial functional impairment","Biomarkers approaching pathological thresholds","Severe symptoms; significant functional impairment","Recurrent unexpected full attacks with catastrophic cognition; attacks >1/week; HR >140 bpm at peak; alkalosis present"
"06","Obsessive-Compulsive Phenotype","Mild or absent symptoms; functional independence","Biomarkers within normative range","Moderate symptoms; partial functional impairment","Biomarkers approaching pathological thresholds","Severe symptoms; significant functional impairment","Marked CSTC hypermetabolism on PET; striatal volume reduction; poor or absent insight; time-consuming compulsions"
"06","Appearance Preoccupation Phenotype","Mild or absent symptoms; functional independence","Biomarkers within normative range","Moderate symptoms; partial functional impairment","Biomarkers approaching pathological thresholds","Severe symptoms; significant functional impairment","Marked fusiform detail-bias; striatal hypermetabolism; poor/absent insight; 3-8 hr/day preoccupation; housebound; comorbid skin damage from picking"
"06","Possession Retention Phenotype","Mild or absent symptoms; functional independence","Biomarkers within normative range","Moderate symptoms; partial functional impairment","Biomarkers approaching pathological thresholds","Severe symptoms; significant functional impairment","Discard hesitation >15 s; marked GSR activation; severe clutter compromising living areas; acquisition despite no space; health/safety risk; eviction risk"
"06","Hair-Pulling Phenotype","Mild or absent symptoms; functional independence","Biomarkers within normative range","Moderate symptoms; partial functional impairment","Biomarkers approaching pathological thresholds","Severe symptoms; significant functional impairment","Complete alopecia patches; trichobezoar risk; scalp scarring; inability to stop; social avoidance"
"06","Skin-Picking Phenotype","Mild or absent symptoms; functional independence","Biomarkers within normative range","Moderate symptoms; partial functional impairment","Biomarkers approaching pathological thresholds","Severe symptoms; significant functional impairment",">5 active lesions; scarring; infection; antibiotic treatment; severe tissue damage; social avoidance"
"06","Substance/Medication-Induced OCD & Related Adaptation","Mild or absent symptoms; functional independence","Biomarkers within normative range","Moderate symptoms; partial functional impairment","Biomarkers approaching pathological thresholds","Severe symptoms; significant functional impairment","Positive toxicology + significant tissue damage; severe OCD/related symptoms requiring intervention during use/withdrawal"
"06","Somatic-Secondary OCD & Related Adaptation","Mild or absent symptoms; functional independence","Biomarkers within normative range","Moderate symptoms; partial functional impairment","Biomarkers approaching pathological thresholds","Severe symptoms; significant functional impairment","Fixed structural lesion; persistent autoimmune activity; severe OC/related symptoms from chronic striatal pathology"
"06","Subthreshold OC & Related Presentation","Mild or absent symptoms; functional independence","Biomarkers within normative range","Moderate symptoms; partial functional impairment","Biomarkers approaching pathological thresholds","Severe symptoms; significant functional impairment","Measurable CSTC metabolic deviation; tissue damage; relationship dissolution; significant distress/impairment despite subthreshold criteria"
"06","Unspecified OC & Related Presentation","Mild or absent symptoms; functional independence","Biomarkers within normative range","Moderate symptoms; partial functional impairment","Biomarkers approaching pathological thresholds","Severe symptoms; significant functional impairment","Severe symptoms requiring intervention; tissue damage or severe functional impairment"
"07","Attachment Inhibition Phenotype","Mild or absent symptoms; functional independence","Biomarkers within normative range","Moderate symptoms; partial functional impairment","Biomarkers approaching pathological thresholds","Severe symptoms; significant functional impairment","No comfort-seeking; RSA flat or decreases to caregiver; RSA <0.3 ms2; HR accelerates on reunion; no pupillary differential"
"07","Disinhibited Social Approach Phenotype","Mild or absent symptoms; functional independence","Biomarkers within normative range","Moderate symptoms; partial functional impairment","Biomarkers approaching pathological thresholds","Severe symptoms; significant functional impairment","No stranger aversion; approaches indiscriminately; SCR <0.3 microS differential; startle potentiation <30%"
"07","Posttraumatic Stress Phenotype","Mild or absent symptoms; functional independence","Biomarkers within normative range","Moderate symptoms; partial functional impairment","Biomarkers approaching pathological thresholds","Severe symptoms; significant functional impairment","RSA <1.2 ms2; <50% startle habituation; SCR >3 microS; HR >85 bpm at rest; chronic hyperarousal; dissociative features"
"07","Acute Stress Phenotype","Mild or absent symptoms; functional independence","Biomarkers within normative range","Moderate symptoms; partial functional impairment","Biomarkers approaching pathological thresholds","Severe symptoms; significant functional impairment","HR >95 bpm; no startle habituation; SCL >5 microS; dissociative features; full symptom cluster persisting >72 h"
"07","Adjustment Phenotypes","Mild or absent symptoms; functional independence","Biomarkers within normative range","Moderate symptoms; partial functional impairment","Biomarkers approaching pathological thresholds","Severe symptoms; significant functional impairment","HRV <25 ms RMSSD; flattened cortisol diurnal slope; marked distress disproportionate to stressor; functional limitation"
"07","Other Specified Trauma/Stressor Phenotype","Mild or absent symptoms; functional independence","Biomarkers within normative range","Moderate symptoms; partial functional impairment","Biomarkers approaching pathological thresholds","Severe symptoms; significant functional impairment","Biomarkers deviate but not in full PTSD pattern; significant distress with atypical presentation"
"07","Unspecified Trauma/Stressor Phenotype","Mild or absent symptoms; functional independence","Biomarkers within normative range","Moderate symptoms; partial functional impairment","Biomarkers approaching pathological thresholds","Severe symptoms; significant functional impairment","Insufficient data for classification; pending evaluation"
"08","Identity Fragmentation Phenotype","Mild or absent symptoms; functional independence","Biomarkers within normative range","Moderate symptoms; partial functional impairment","Biomarkers approaching pathological thresholds","Severe symptoms; significant functional impairment",">3 attractors; >20% HRV variation; >2 microS SCR differential; pupillary shifts >1.5 mm; recurrent amnesia; distinct identity states"
"08","Autobiographical Retrieval Suppression Phenotype","Mild or absent symptoms; functional independence","Biomarkers within normative range","Moderate symptoms; partial functional impairment","Biomarkers approaching pathological thresholds","Severe symptoms; significant functional impairment","SCR >2 microS; HR increase >15 bpm; pupillary dilation >2 mm without recall; generalized amnesia or fugue; complete autobiographical blockade"
"08","Self-Unreality Phenotype","Mild or absent symptoms; functional independence","Biomarkers within normative range","Moderate symptoms; partial functional impairment","Biomarkers approaching pathological thresholds","Severe symptoms; significant functional impairment","SCR <0.3 microS differential; pupillary <0.5 mm differential; HR response <5 bpm; persistent or recurrent depersonalization/derealization; marked hyporeactivity"
"08","Other Specified Dissociative Phenotype","Mild or absent symptoms; functional independence","Biomarkers within normative range","Moderate symptoms; partial functional impairment","Biomarkers approaching pathological thresholds","Severe symptoms; significant functional impairment","Functional limitation from dissociative symptoms; significant autonomic dysregulation"
"08","Unspecified Dissociative Phenotype","Mild or absent symptoms; functional independence","Biomarkers within normative range","Moderate symptoms; partial functional impairment","Biomarkers approaching pathological thresholds","Severe symptoms; significant functional impairment","Insufficient data for classification pending evaluation"
"09","Somatic Symptom Phenotype","Mild or absent symptoms; functional independence","Biomarkers within normative range","Moderate symptoms; partial functional impairment","Biomarkers approaching pathological thresholds","Severe symptoms; significant functional impairment","HRV <20 ms RMSSD; cortisol >25 mcg/dL; pupillary hyperreactivity >1.5 mm; severe symptoms with functional incapacitation"
"09","Somatic Symptom Phenotype with Predominant Pain","Mild or absent symptoms; functional independence","Biomarkers within normative range","Moderate symptoms; partial functional impairment","Biomarkers approaching pathological thresholds","Severe symptoms; significant functional impairment","PPT <2.0 kg/cm2; CPM <10%; temporal summation present; widespread allodynia; pain without tissue correlate"
"09","Illness Anxiety Phenotype","Mild or absent symptoms; functional independence","Biomarkers within normative range","Moderate symptoms; partial functional impairment","Biomarkers approaching pathological thresholds","Severe symptoms; significant functional impairment","HR reactivity >8 bpm; pupillary dilation >0.8 mm; incapacitating health anxiety; unresponsive to reassurance"
"09","Functional Neurological Symptom Phenotype","Mild or absent symptoms; functional independence","Biomarkers within normative range","Moderate symptoms; partial functional impairment","Biomarkers approaching pathological thresholds","Severe symptoms; significant functional impairment","Multiple positive incompatibility signs; chronic symptoms >6 months; comorbid neurological disease; significant disability"
"09","Psychological Factors Affecting Medical Condition Phenotype","Mild or absent symptoms; functional independence","Biomarkers within normative range","Moderate symptoms; partial functional impairment","Biomarkers approaching pathological thresholds","Severe symptoms; significant functional impairment","Extreme stress reactivity; non-adherence; repeated ER visits or hospitalization; life-threatening risk"
"09","Factitious Phenotype Imposed on Self","Mild or absent symptoms; functional independence","Biomarkers within normative range","Moderate symptoms; partial functional impairment","Biomarkers approaching pathological thresholds","Severe symptoms; significant functional impairment","Confirmed induced pathology; life-threatening falsification; multiple invasive procedures"
"09","Factitious Phenotype Imposed on Another","Mild or absent symptoms; functional independence","Biomarkers within normative range","Moderate symptoms; partial functional impairment","Biomarkers approaching pathological thresholds","Severe symptoms; significant functional impairment","Objective proof of poisoning, suffocation, infection induction; confirmed Munchausen-by-proxy pattern"
"09","Other Specified Somatic Symptom Phenotype","Mild or absent symptoms; functional independence","Biomarkers within normative range","Moderate symptoms; partial functional impairment","Biomarkers approaching pathological thresholds","Severe symptoms; significant functional impairment","Subthreshold patterns approaching full phenotype criteria; elevated allostatic load markers"
"09","Unspecified Somatic Symptom Phenotype","Mild or absent symptoms; functional independence","Biomarkers within normative range","Moderate symptoms; partial functional impairment","Biomarkers approaching pathological thresholds","Severe symptoms; significant functional impairment","Uncharacterized presentation pending further evaluation"
"09","Pseudocyesis Subtype","Mild or absent symptoms; functional independence","Biomarkers within normative range","Moderate symptoms; partial functional impairment","Biomarkers approaching pathological thresholds","Severe symptoms; significant functional impairment","Persistent pseudocyesis >6 months; significant functional impairment; secondary HPA dysregulation"
"10","Pica Phenotype","Mild or absent symptoms; functional independence","Biomarkers within normative range","Moderate symptoms; partial functional impairment","Biomarkers approaching pathological thresholds","Severe symptoms; significant functional impairment","Bowel obstruction; lead >5 mcg/dL; severe micronutrient deficiency; persistent ingestion with obstruction or toxicity"
"10","Rumination Phenotype","Mild or absent symptoms; functional independence","Biomarkers within normative range","Moderate symptoms; partial functional impairment","Biomarkers approaching pathological thresholds","Severe symptoms; significant functional impairment","Weight <85% expected; electrolyte disturbance; dental erosion; daily regurgitation with malnutrition"
"10","Avoidant/Restrictive Food Intake Phenotype","Mild or absent symptoms; functional independence","Biomarkers within normative range","Moderate symptoms; partial functional impairment","Biomarkers approaching pathological thresholds","Severe symptoms; significant functional impairment","BMI <3rd percentile; >=2 deficiencies; enteral nutrition >50%; growth arrest; severe restriction"
"10","Anorexia Nervosa Phenotype","Mild or absent symptoms; functional independence","Biomarkers within normative range","Moderate symptoms; partial functional impairment","Biomarkers approaching pathological thresholds","Severe symptoms; significant functional impairment","BMI <16; significant bradycardia; electrolyte disturbance; prolonged QTc >460 ms; severe medical instability"
"10","Bulimia Nervosa Phenotype","Mild or absent symptoms; functional independence","Biomarkers within normative range","Moderate symptoms; partial functional impairment","Biomarkers approaching pathological thresholds","Severe symptoms; significant functional impairment","K+ <3.0; metabolic alkalosis; parotid enlargement; severe electrolyte disturbance; >=14 compensatory behaviors/week"
"10","Binge-Eating Phenotype","Mild or absent symptoms; functional independence","Biomarkers within normative range","Moderate symptoms; partial functional impairment","Biomarkers approaching pathological thresholds","Severe symptoms; significant functional impairment","BMI >35; type 2 diabetes; fatty liver; >=14 binge episodes/week; obesity-related complications"
"10","Other Specified Feeding or Eating Phenotype","Mild or absent symptoms; functional independence","Biomarkers within normative range","Moderate symptoms; partial functional impairment","Biomarkers approaching pathological thresholds","Severe symptoms; significant functional impairment","Progression toward full phenotype criteria; significant medical risk despite subthreshold symptom count"
"10","Unspecified Feeding or Eating Phenotype","Mild or absent symptoms; functional independence","Biomarkers within normative range","Moderate symptoms; partial functional impairment","Biomarkers approaching pathological thresholds","Severe symptoms; significant functional impairment","Unspecified presentation requiring further evaluation for classification"
"10","Purging Disorder Phenotype","Mild or absent symptoms; functional independence","Biomarkers within normative range","Moderate symptoms; partial functional impairment","Biomarkers approaching pathological thresholds","Severe symptoms; significant functional impairment","K+ <3.5; metabolic alkalosis; parotid enlargement; dental erosion; recurrent purging >=1x/week for 3 months"
"11","Enuresis Phenotype","Mild or absent symptoms; functional independence","Biomarkers within normative range","Moderate symptoms; partial functional impairment","Biomarkers approaching pathological thresholds","Severe symptoms; significant functional impairment",">4 wet nights/week; daily daytime wetting; post-void residual >20 mL; bladder capacity <70%; osmolality <600; detrusor hyperreactivity on urodynamics"
"11","Encopresis Phenotype","Mild or absent symptoms; functional independence","Biomarkers within normative range","Moderate symptoms; partial functional impairment","Biomarkers approaching pathological thresholds","Severe symptoms; significant functional impairment","Severe fecal loading (Barr >15); dilated rectum; absent rectal sensation; dyssynergic defecation; >4 soiling events/month; overflow incontinence daily"
"11","Other Specified Elimination Phenotype","Mild or absent symptoms; functional independence","Biomarkers within normative range","Moderate symptoms; partial functional impairment","Biomarkers approaching pathological thresholds","Severe symptoms; significant functional impairment","Distress/impairment present; approaching full phenotype criteria; requires monitoring"
"11","Unspecified Elimination Phenotype","Mild or absent symptoms; functional independence","Biomarkers within normative range","Moderate symptoms; partial functional impairment","Biomarkers approaching pathological thresholds","Severe symptoms; significant functional impairment","Insufficient data for classification; organic pathology exclusion pending"
"12","Sleep-Onset Maintenance Inertia Phenotype","Mild or absent symptoms; functional independence","Biomarkers within normative range","Moderate symptoms; partial functional impairment","Biomarkers approaching pathological thresholds","Severe symptoms; significant functional impairment","HR >80 bpm bedtime; elevated nocturnal norepinephrine; lack of HRV circadian modulation; sleep latency >30 min; >3 awakenings; daytime impairment"
"12","Excessive Sleep Drive Phenotype","Mild or absent symptoms; functional independence","Biomarkers within normative range","Moderate symptoms; partial functional impairment","Biomarkers approaching pathological thresholds","Severe symptoms; significant functional impairment","MSLT <8 min; spontaneous pupillary miosis; objective sleep efficiency <85% despite prolonged time in bed; sleep need >10 h; sleep inertia >30 min daily; involuntary naps"
"12","Orexinergic Collapse Phenotype","Mild or absent symptoms; functional independence","Biomarkers within normative range","Moderate symptoms; partial functional impairment","Biomarkers approaching pathological thresholds","Severe symptoms; significant functional impairment","CSF hypocretin <=110 pg/mL; >=2 SOREMPs; HLA-DQB1*06:02 positive; daily cataplexy; multiple SOREMPs; fragmented sleep; MSLT <5 min"
"12","Pharyngeal Collapse Apnea Phenotype","Mild or absent symptoms; functional independence","Biomarkers within normative range","Moderate symptoms; partial functional impairment","Biomarkers approaching pathological thresholds","Severe symptoms; significant functional impairment","SpO2 <90% for >10% of sleep; nocturnal BP non-dipper pattern; elevated morning catecholamines; AHI >=15 or >=5 with symptoms; ODI >=15"
"12","Ventilatory Control Instability Phenotype","Mild or absent symptoms; functional independence","Biomarkers within normative range","Moderate symptoms; partial functional impairment","Biomarkers approaching pathological thresholds","Severe symptoms; significant functional impairment","CAI >=15/hr; Cheyne-Stokes with heart failure; or opioid-related with ataxic breathing; LVEF <45%; PaCO2 <35 or >45; OSA-central overlap"
"12","Hypoventilatory CO2 Retention Phenotype","Mild or absent symptoms; functional independence","Biomarkers within normative range","Moderate symptoms; partial functional impairment","Biomarkers approaching pathological thresholds","Severe symptoms; significant functional impairment","Awake PaCO2 >=50; sustained nocturnal SpO2 <85%; cor pulmonale signs; PHOX2B mutation; FVC <50% predicted; right heart strain on echo"
"12","Circadian Phase Misalignment Phenotypes","Mild or absent symptoms; functional independence","Biomarkers within normative range","Moderate symptoms; partial functional impairment","Biomarkers approaching pathological thresholds","Severe symptoms; significant functional impairment","DLMO >2 hr misaligned; actigraphy shows consistent free-run or fragmentation; CBT nadir during desired waking hours; chronic insomnia/sleepiness; occupational/social failure"
"12","NREM Dissociative Arousal Phenotype","Mild or absent symptoms; functional independence","Biomarkers within normative range","Moderate symptoms; partial functional impairment","Biomarkers approaching pathological thresholds","Severe symptoms; significant functional impairment","Frequent episodes (>1/week); injury risk; forensic involvement (driving, sexual behavior); documented from N3 on PSG; comorbid sleep apnea or RLS as triggers"
"12","Threat-Rehearsal REM Phenotype","Mild or absent symptoms; functional independence","Biomarkers within normative range","Moderate symptoms; partial functional impairment","Biomarkers approaching pathological thresholds","Severe symptoms; significant functional impairment",">=1 nightmare/week; severe awakening distress; sleep avoidance; daytime impairment; reduced slow-wave sleep; REM fragmentation; elevated resting sympathetic tone"
"12","REM Atonia Failure Phenotype","Mild or absent symptoms; functional independence","Biomarkers within normative range","Moderate symptoms; partial functional impairment","Biomarkers approaching pathological thresholds","Severe symptoms; significant functional impairment","Clinical RBD with injury; REM atonia loss >30% of REM; hyposmia; motor Parkinson signs (bradykinesia, rigidity, tremor); MCI; abnormal DaTscan"
"12","Sensorimotor Hyperarousal Phenotype","Mild or absent symptoms; functional independence","Biomarkers within normative range","Moderate symptoms; partial functional impairment","Biomarkers approaching pathological thresholds","Severe symptoms; significant functional impairment","RLS >=3x/week; significant sleep-onset delay; ferritin <50 ng/mL; PLMS >15/hr; genetic risk variants; augmented on dopamine agonists"
"12","Chemically-Induced Sleep Disruption Phenotype","Mild or absent symptoms; functional independence","Biomarkers within normative range","Moderate symptoms; partial functional impairment","Biomarkers approaching pathological thresholds","Severe symptoms; significant functional impairment","Chronic substance-induced sleep disruption persists >4 weeks after cessation; PSG abnormalities: reduced SWS, REM suppression, increased central apneas, PLMS >15/hr"
"12","Subthreshold Sleep-Onset Disruption Phenotype","Mild or absent symptoms; functional independence","Biomarkers within normative range","Moderate symptoms; partial functional impairment","Biomarkers approaching pathological thresholds","Severe symptoms; significant functional impairment","Nonrestorative sleep >3 months or other persistent partial phenotype; objective sleep disruption disproportionate to subjective complaint"
"12","Unspecified Sleep-Onset Disruption Phenotype","Mild or absent symptoms; functional independence","Biomarkers within normative range","Moderate symptoms; partial functional impairment","Biomarkers approaching pathological thresholds","Severe symptoms; significant functional impairment","Cannot be classified without further data; insomnia-rated distress present"
"12","Subthreshold Excessive Sleep Drive Phenotype","Mild or absent symptoms; functional independence","Biomarkers within normative range","Moderate symptoms; partial functional impairment","Biomarkers approaching pathological thresholds","Severe symptoms; significant functional impairment","Episodic (Kleine-Levin variant) with severe functional impairment; episodic hypometabolism on SPECT; prolonged episodes >1 week"
"12","Unspecified Excessive Sleep Drive Phenotype","Mild or absent symptoms; functional independence","Biomarkers within normative range","Moderate symptoms; partial functional impairment","Biomarkers approaching pathological thresholds","Severe symptoms; significant functional impairment","Insufficient data for classification; hypersomnia-related distress present"
"12","Subthreshold Circadian or Parasomnia Phenotype","Mild or absent symptoms; functional independence","Biomarkers within normative range","Moderate symptoms; partial functional impairment","Biomarkers approaching pathological thresholds","Severe symptoms; significant functional impairment","Significant distress/impairment from unclassified sleep-wake disruption; requires individualized assessment"
"12","Unspecified Sleep-Wake Dysregulation","Mild or absent symptoms; functional independence","Biomarkers within normative range","Moderate symptoms; partial functional impairment","Biomarkers approaching pathological thresholds","Severe symptoms; significant functional impairment","Pending further evaluation for classification"
"13","Delayed Ejaculation Phenotype","Mild or absent symptoms; functional independence","Biomarkers within normative range","Moderate symptoms; partial functional impairment","Biomarkers approaching pathological thresholds","Severe symptoms; significant functional impairment","IELT consistently absent or >20 min; absent nocturnal emissions; prolactin >20 ng/mL; delay on >75% of encounters; significant distress"
"13","Erectile Phenotype","Mild or absent symptoms; functional independence","Biomarkers within normative range","Moderate symptoms; partial functional impairment","Biomarkers approaching pathological thresholds","Severe symptoms; significant functional impairment","NPT rigidity <50%; PSV <30 cm/s; absent nocturnal erections; arterial calcification present; failure on >75% of occasions; 6+ months duration"
"13","Female Orgasmic Phenotype","Mild or absent symptoms; functional independence","Biomarkers within normative range","Moderate symptoms; partial functional impairment","Biomarkers approaching pathological thresholds","Severe symptoms; significant functional impairment","Threshold >3.5 microm; endurance <5 s; absent nocturnal orgasmic sensations; orgasmic on <25% or never; 6+ months"
"13","Female Sexual Interest/Arousal Phenotype","Mild or absent symptoms; functional independence","Biomarkers within normative range","Moderate symptoms; partial functional impairment","Biomarkers approaching pathological thresholds","Severe symptoms; significant functional impairment","Estradiol <30 pg/mL; free T <0.3 pg/mL; pH >5.0; interest <25% of opportunities; 6+ months"
"13","Genito-Pelvic Pain/Penetration Phenotype","Mild or absent symptoms; functional independence","Biomarkers within normative range","Moderate symptoms; partial functional impairment","Biomarkers approaching pathological thresholds","Severe symptoms; significant functional impairment","Resting EMG >5 microV; VMI <20% superficial; 3+ positive swab sites; pain >75% of attempts; complete avoidance; 6+ months"
"13","Male Hypoactive Sexual Desire Phenotype","Mild or absent symptoms; functional independence","Biomarkers within normative range","Moderate symptoms; partial functional impairment","Biomarkers approaching pathological thresholds","Severe symptoms; significant functional impairment","T <300 ng/dL; prolactin >20 ng/mL; LH suppressed; absent spontaneous thoughts; no initiation for 6+ months"
"13","Premature Ejaculation Phenotype","Mild or absent symptoms; functional independence","Biomarkers within normative range","Moderate symptoms; partial functional impairment","Biomarkers approaching pathological thresholds","Severe symptoms; significant functional impairment","IELT <60 s on >75% of encounters; 6+ months; dorsal nerve velocity >35 m/s; PEDT >11; absent control"
"13","Substance/Medication-Induced Sexual Dysfunction Phenotype","Mild or absent symptoms; functional independence","Biomarkers within normative range","Moderate symptoms; partial functional impairment","Biomarkers approaching pathological thresholds","Severe symptoms; significant functional impairment","Moderate-severe dysfunction on >50% of occasions; Naranjo score >4; prolactin >25 ng/mL; positive discontinuation challenge"
"13","Other Specified Sexual Dysfunction Phenotype","Mild or absent symptoms; functional independence","Biomarkers within normative range","Moderate symptoms; partial functional impairment","Biomarkers approaching pathological thresholds","Severe symptoms; significant functional impairment","Distressing symptoms present but below full threshold; domain-specific biomarker above normal but below phenotype cut-off"
"13","Unspecified Sexual Dysfunction Phenotype","Mild or absent symptoms; functional independence","Biomarkers within normative range","Moderate symptoms; partial functional impairment","Biomarkers approaching pathological thresholds","Severe symptoms; significant functional impairment","Distressing symptoms without identified mechanism; biomarker workup incomplete or inconclusive"
"14","Gender Incongruence Phenotype — Childhood","Mild or absent symptoms; functional independence","Biomarkers within normative range","Moderate symptoms; partial functional impairment","Biomarkers approaching pathological thresholds","Severe symptoms; significant functional impairment","Full criteria including anatomic dysphoria for 6+ months; distress in social/school function; digit ratio sex-atypical; anogenital distance sex-atypical"
"14","Gender Incongruence Phenotype — Adolescent and Adult","Mild or absent symptoms; functional independence","Biomarkers within normative range","Moderate symptoms; partial functional impairment","Biomarkers approaching pathological thresholds","Severe symptoms; significant functional impairment","Marked incongruence with natal sex characteristics; significant distress; 6+ months duration; flattened cortisol slope; HRV <25 ms; BDNF <20 ng/mL"
"14","Other Specified Gender Incongruence Phenotype","Mild or absent symptoms; functional independence","Biomarkers within normative range","Moderate symptoms; partial functional impairment","Biomarkers approaching pathological thresholds","Severe symptoms; significant functional impairment","Distressing mismatch below full threshold; partial BNSTc discordance inferred; premorbid HPA dysregulation"
"14","Unspecified Gender Incongruence Phenotype","Mild or absent symptoms; functional independence","Biomarkers within normative range","Moderate symptoms; partial functional impairment","Biomarkers approaching pathological thresholds","Severe symptoms; significant functional impairment","Distressing incongruence without identified mechanism; biomarker workup incomplete or inconclusive"
"15","Oppositional Defiant Phenotype","Mild or absent symptoms; functional independence","Biomarkers within normative range","Moderate symptoms; partial functional impairment","Biomarkers approaching pathological thresholds","Severe symptoms; significant functional impairment",">4 symptoms across >2 settings; HR <60 bpm; cortisol <10 nmol/L at waking; low skin conductance"
"15","Intermittent Explosive Phenotype","Mild or absent symptoms; functional independence","Biomarkers within normative range","Moderate symptoms; partial functional impairment","Biomarkers approaching pathological thresholds","Severe symptoms; significant functional impairment","Physical aggression with property damage; low 5-HIAA in CSF; elevated IL-6; structural OFC deficits"
"15","Conduct Phenotype","Mild or absent symptoms; functional independence","Biomarkers within normative range","Moderate symptoms; partial functional impairment","Biomarkers approaching pathological thresholds","Severe symptoms; significant functional impairment",">5 symptoms with cruelty or weapon use; HR <60 bpm; absent fear-potentiated startle; flat cortisol slope"
"15","Antisocial Phenotype","Mild or absent symptoms; functional independence","Biomarkers within normative range","Moderate symptoms; partial functional impairment","Biomarkers approaching pathological thresholds","Severe symptoms; significant functional impairment","Full criteria with callous remorselessness; HR <65 bpm; absent startle; T:C ratio >0.05"
"15","Pyromania Phenotype","Mild or absent symptoms; functional independence","Biomarkers within normative range","Moderate symptoms; partial functional impairment","Biomarkers approaching pathological thresholds","Severe symptoms; significant functional impairment","Multiple fire-setting episodes with pleasure; baseline HR <65 with >20 bpm increase during fire; dopamine reward signaling"
"15","Kleptomania Phenotype","Mild or absent symptoms; functional independence","Biomarkers within normative range","Moderate symptoms; partial functional impairment","Biomarkers approaching pathological thresholds","Severe symptoms; significant functional impairment","Recurrent theft with tension-relief cycle; high commission errors; autonomic hyperreactivity pre-theft"
"15","Other Specified Disruptive Phenotype","Mild or absent symptoms; functional independence","Biomarkers within normative range","Moderate symptoms; partial functional impairment","Biomarkers approaching pathological thresholds","Severe symptoms; significant functional impairment","Multiple markers approaching categorical thresholds; subthreshold across multiple domains"
"15","Unspecified Disruptive Phenotype","Mild or absent symptoms; functional independence","Biomarkers within normative range","Moderate symptoms; partial functional impairment","Biomarkers approaching pathological thresholds","Severe symptoms; significant functional impairment","Insufficient data; unspecified phenotype carries no forensic weight until biomarked"
"16","Alcohol Use Phenotype","Mild or absent symptoms; functional independence","Biomarkers within normative range","Moderate symptoms; partial functional impairment","Biomarkers approaching pathological thresholds","Severe symptoms; significant functional impairment","Elevated GGT, CDT; macrocytosis; hepatic steatosis/fibrosis; pancreatitis; peripheral neuropathy; severe withdrawal history; continued use despite physical/psychological harm"
"16","Alcohol Intoxication Phenotype","Mild or absent symptoms; functional independence","Biomarkers within normative range","Moderate symptoms; partial functional impairment","Biomarkers approaching pathological thresholds","Severe symptoms; significant functional impairment","BAC >0.20%; vomiting; respiratory depression; stupor/coma; severe intoxication"
"16","Alcohol Withdrawal Phenotype","Mild or absent symptoms; functional independence","Biomarkers within normative range","Moderate symptoms; partial functional impairment","Biomarkers approaching pathological thresholds","Severe symptoms; significant functional impairment","CIWA-Ar >15; HR >100 bpm; sustained visible tremor; history of withdrawal seizures or delirium tremens"
"16","Caffeine Use Phenotype","Mild or absent symptoms; functional independence","Biomarkers within normative range","Moderate symptoms; partial functional impairment","Biomarkers approaching pathological thresholds","Severe symptoms; significant functional impairment",">500 mg/day; withdrawal on cessation; functional impairment; daily use required; tolerance"
"16","Caffeine Intoxication Phenotype","Mild or absent symptoms; functional independence","Biomarkers within normative range","Moderate symptoms; partial functional impairment","Biomarkers approaching pathological thresholds","Severe symptoms; significant functional impairment","HR >110; vomiting; severe agitation; 5+ symptoms"
"16","Caffeine Withdrawal Phenotype","Mild or absent symptoms; functional independence","Biomarkers within normative range","Moderate symptoms; partial functional impairment","Biomarkers approaching pathological thresholds","Severe symptoms; significant functional impairment","3+ symptoms with functional impairment; severe headache; vomiting; bed rest required"
"16","Cannabis Use Phenotype","Mild or absent symptoms; functional independence","Biomarkers within normative range","Moderate symptoms; partial functional impairment","Biomarkers approaching pathological thresholds","Severe symptoms; significant functional impairment","Markedly reduced CB1 density on PET; chronic bronchitis; reduced lung function; tolerance and withdrawal present; severe functional impairment"
"16","Cannabis Intoxication Phenotype","Mild or absent symptoms; functional independence","Biomarkers within normative range","Moderate symptoms; partial functional impairment","Biomarkers approaching pathological thresholds","Severe symptoms; significant functional impairment","HR >120; severe anxiety; perceptual disturbances; psychosis-like symptoms"
"16","Cannabis Withdrawal Phenotype","Mild or absent symptoms; functional independence","Biomarkers within normative range","Moderate symptoms; partial functional impairment","Biomarkers approaching pathological thresholds","Severe symptoms; significant functional impairment","Severe functional impairment; significant sleep disruption; marked appetite/weight loss; depressed mood"
"16","Phencyclidine Use Phenotype","Mild or absent symptoms; functional independence","Biomarkers within normative range","Moderate symptoms; partial functional impairment","Biomarkers approaching pathological thresholds","Severe symptoms; significant functional impairment","Chronic use; violence episodes; 6+ symptoms; persistent NMDA receptor blockade"
"16","Phencyclidine Intoxication Phenotype","Mild or absent symptoms; functional independence","Biomarkers within normative range","Moderate symptoms; partial functional impairment","Biomarkers approaching pathological thresholds","Severe symptoms; significant functional impairment","Vertical nystagmus; severe hypertension; combative behavior; violence; potential for self-injury"
"16","Other Hallucinogen Use Phenotype","Mild or absent symptoms; functional independence","Biomarkers within normative range","Moderate symptoms; partial functional impairment","Biomarkers approaching pathological thresholds","Severe symptoms; significant functional impairment","Frequent use; hallucinogen persisting perception disorder risk; 6+ symptoms; severe functional impairment"
"16","Other Hallucinogen Intoxication Phenotype","Mild or absent symptoms; functional independence","Biomarkers within normative range","Moderate symptoms; partial functional impairment","Biomarkers approaching pathological thresholds","Severe symptoms; significant functional impairment","Severe perceptual disturbances; panic; dilated pupils >7 mm; severe anxiety; risk of self-injury"
"16","Hallucinogen Persisting Perception Phenotype","Mild or absent symptoms; functional independence","Biomarkers within normative range","Moderate symptoms; partial functional impairment","Biomarkers approaching pathological thresholds","Severe symptoms; significant functional impairment","Continuous/frequent symptoms; symptom interference with daily function; severe distress"
"16","Inhalant Use Phenotype","Mild or absent symptoms; functional independence","Biomarkers within normative range","Moderate symptoms; partial functional impairment","Biomarkers approaching pathological thresholds","Severe symptoms; significant functional impairment","White matter pathology; neurological deficits; 6+ symptoms; severe functional impairment"
"16","Inhalant Intoxication Phenotype","Mild or absent symptoms; functional independence","Biomarkers within normative range","Moderate symptoms; partial functional impairment","Biomarkers approaching pathological thresholds","Severe symptoms; significant functional impairment","Stupor/coma; respiratory arrest risk; severe CNS depression"
"16","Opioid Use Phenotype","Mild or absent symptoms; functional independence","Biomarkers within normative range","Moderate symptoms; partial functional impairment","Biomarkers approaching pathological thresholds","Severe symptoms; significant functional impairment","Reduced MOR availability in ventral striatum; tolerance and withdrawal present; severe functional impairment; continued use despite physical/psychological problems"
"16","Opioid Intoxication Phenotype","Mild or absent symptoms; functional independence","Biomarkers within normative range","Moderate symptoms; partial functional impairment","Biomarkers approaching pathological thresholds","Severe symptoms; significant functional impairment","GCS reduced; respiratory depression <12 breaths/min; miosis <3 mm; responds only to naloxone"
"16","Opioid Withdrawal Phenotype","Mild or absent symptoms; functional independence","Biomarkers within normative range","Moderate symptoms; partial functional impairment","Biomarkers approaching pathological thresholds","Severe symptoms; significant functional impairment","Severe withdrawal; COWS >12; pupils >5 mm; vomiting; diarrhea; severe dysphoria; autonomic instability"
"16","Sedative/Hypnotic/Anxiolytic Use Phenotype","Mild or absent symptoms; functional independence","Biomarkers within normative range","Moderate symptoms; partial functional impairment","Biomarkers approaching pathological thresholds","Severe symptoms; significant functional impairment","Physical dependence; multiple prescribers; withdrawal history; 6+ symptoms; severe functional impairment"
"16","Sedative/Hypnotic/Anxiolytic Intoxication Phenotype","Mild or absent symptoms; functional independence","Biomarkers within normative range","Moderate symptoms; partial functional impairment","Biomarkers approaching pathological thresholds","Severe symptoms; significant functional impairment","Stupor/coma; respiratory depression; aspiration risk; severe intoxication"
"16","Sedative/Hypnotic/Anxiolytic Withdrawal Phenotype","Mild or absent symptoms; functional independence","Biomarkers within normative range","Moderate symptoms; partial functional impairment","Biomarkers approaching pathological thresholds","Severe symptoms; significant functional impairment","Grand mal seizures; withdrawal delirium; BP >140/90; HR >100 bpm; severe autonomic hyperactivity"
"16","Stimulant Use Phenotype","Mild or absent symptoms; functional independence","Biomarkers within normative range","Moderate symptoms; partial functional impairment","Biomarkers approaching pathological thresholds","Severe symptoms; significant functional impairment","Reduced DAT availability; severe cardiovascular strain; nasal septal perforation; dental erosion; psychosis; severe functional impairment"
"16","Stimulant Intoxication Phenotype","Mild or absent symptoms; functional independence","Biomarkers within normative range","Moderate symptoms; partial functional impairment","Biomarkers approaching pathological thresholds","Severe symptoms; significant functional impairment","Severe hypertension; hyperthermia; psychosis; seizures; cardiac arrhythmia; stroke risk; chest pain"
"16","Stimulant Withdrawal Phenotype","Mild or absent symptoms; functional independence","Biomarkers within normative range","Moderate symptoms; partial functional impairment","Biomarkers approaching pathological thresholds","Severe symptoms; significant functional impairment","Severe dysphoria; suicidal ideation; hypersomnia >10 hr/24 hr; bradycardia <60 bpm"
"16","Tobacco Use Phenotype","Mild or absent symptoms; functional independence","Biomarkers within normative range","Moderate symptoms; partial functional impairment","Biomarkers approaching pathological thresholds","Severe symptoms; significant functional impairment","Continued smoking despite serious physical/psychological problem; severe functional impairment; tolerance; withdrawal"
"16","Tobacco Withdrawal Phenotype","Mild or absent symptoms; functional independence","Biomarkers within normative range","Moderate symptoms; partial functional impairment","Biomarkers approaching pathological thresholds","Severe symptoms; significant functional impairment","Severe functional impairment; marked irritability and anxiety; significant weight gain; sleep disruption"
"16","Other/Unknown Substance Use Phenotype","Mild or absent symptoms; functional independence","Biomarkers within normative range","Moderate symptoms; partial functional impairment","Biomarkers approaching pathological thresholds","Severe symptoms; significant functional impairment","Regular use; tolerance; withdrawal on cessation; 6+ symptoms; severe functional impairment"
"16","Other/Unknown Substance Intoxication Phenotype","Mild or absent symptoms; functional independence","Biomarkers within normative range","Moderate symptoms; partial functional impairment","Biomarkers approaching pathological thresholds","Severe symptoms; significant functional impairment","Coma; seizure; vital instability; severe intoxication"
"16","Unspecified Substance-Related Phenotype","Mild or absent symptoms; functional independence","Biomarkers within normative range","Moderate symptoms; partial functional impairment","Biomarkers approaching pathological thresholds","Severe symptoms; significant functional impairment","Symptoms present; insufficient information for classification; pending full assessment"
"17","Delirium","Mild or absent symptoms; functional independence","Biomarkers within normative range","Moderate symptoms; partial functional impairment","Biomarkers approaching pathological thresholds","Severe symptoms; significant functional impairment","Severe delirium with agitation/psychosis; CAM positive; EEG diffuse slowing; autonomic instability; urgent medical intervention required"
"17","Major NCD — Alzheimer's Disease","Mild or absent symptoms; functional independence","Biomarkers within normative range","Moderate symptoms; partial functional impairment","Biomarkers approaching pathological thresholds","Severe symptoms; significant functional impairment","0-1/3 words recalled; severe cognitive decline; dependent in all IADLs; progressive course; biomarker positive (amyloid/tau)"
"17","Major NCD — Frontotemporal Lobar Degeneration","Mild or absent symptoms; functional independence","Biomarkers within normative range","Moderate symptoms; partial functional impairment","Biomarkers approaching pathological thresholds","Severe symptoms; significant functional impairment","Severe behavioral disinhibition; apathy; loss of empathy; stereotypy; hyperorality; FBI score >=27; dependent for all ADLs"
"17","Major NCD — Lewy Body Disease","Mild or absent symptoms; functional independence","Biomarkers within normative range","Moderate symptoms; partial functional impairment","Biomarkers approaching pathological thresholds","Severe symptoms; significant functional impairment","Severe fluctuating cognition; recurrent well-formed visual hallucinations; spontaneous parkinsonism; REM sleep behavior disorder; neuroleptic sensitivity"
"17","Major NCD — Vascular Disease","Mild or absent symptoms; functional independence","Biomarkers within normative range","Moderate symptoms; partial functional impairment","Biomarkers approaching pathological thresholds","Severe symptoms; significant functional impairment","Severe cognitive decline with stepwise progression; gait <0.8 m/s; extensive white matter disease; fully dependent"
"17","Major NCD — Traumatic Brain Injury","Mild or absent symptoms; functional independence","Biomarkers within normative range","Moderate symptoms; partial functional impairment","Biomarkers approaching pathological thresholds","Severe symptoms; significant functional impairment","Severe cognitive deficits; persistent post-concussive symptoms; fully dependent; gait <0.8 m/s"
"17","Major NCD — Substance/Medication-Induced","Mild or absent symptoms; functional independence","Biomarkers within normative range","Moderate symptoms; partial functional impairment","Biomarkers approaching pathological thresholds","Severe symptoms; significant functional impairment","Severe dementia; amnestic-confabulatory syndrome; gait ataxia; nystagmus; fully dependent; irreversible structural brain injury"
"17","Major NCD — HIV Infection","Mild or absent symptoms; functional independence","Biomarkers within normative range","Moderate symptoms; partial functional impairment","Biomarkers approaching pathological thresholds","Severe symptoms; significant functional impairment","CD4 <200; high CSF viral load; severe white matter disease; brain volume loss; slowed processing speed; dependent"
"17","Major NCD — Prion Disease","Mild or absent symptoms; functional independence","Biomarkers within normative range","Moderate symptoms; partial functional impairment","Biomarkers approaching pathological thresholds","Severe symptoms; significant functional impairment","Rapid progression over weeks-months; myoclonus; ataxia; akinetic mutism; MRI cortical ribboning; positive 14-3-3; triphasic EEG; CSF tau markedly elevated"
"17","Major NCD — Parkinson's Disease","Mild or absent symptoms; functional independence","Biomarkers within normative range","Moderate symptoms; partial functional impairment","Biomarkers approaching pathological thresholds","Severe symptoms; significant functional impairment","Cortical Lewy body pathology; severe cholinergic deficit; progression to dementia; hallucinations; dependence; up to 75% progression rate"
"17","Major NCD — Huntington's Disease","Mild or absent symptoms; functional independence","Biomarkers within normative range","Moderate symptoms; partial functional impairment","Biomarkers approaching pathological thresholds","Severe symptoms; significant functional impairment","Severe chorea; cognitive decline; psychiatric symptoms; fully dependent; CAG repeat length determines onset age"
"17","Major NCD — Another Medical Condition","Mild or absent symptoms; functional independence","Biomarkers within normative range","Moderate symptoms; partial functional impairment","Biomarkers approaching pathological thresholds","Severe symptoms; significant functional impairment","Major NCD; cognitive deficits track with medical deterioration; severe laboratory/imaging abnormalities; poor treatment response; progressive"
"17","Major NCD — Multiple Etiologies","Mild or absent symptoms; functional independence","Biomarkers within normative range","Moderate symptoms; partial functional impairment","Biomarkers approaching pathological thresholds","Severe symptoms; significant functional impairment","Confirmed multiple pathologies on imaging/biomarkers; fully dependent; rapid functional decline"
"17","Mild Neurocognitive Phenotype","Mild or absent symptoms; functional independence","Biomarkers within normative range","Moderate symptoms; partial functional impairment","Biomarkers approaching pathological thresholds","Severe symptoms; significant functional impairment","Modest objective impairment (MoCA 23-26); mild functional decline; preserved IADLs; progression risk"
"17","Other Specified Neurocognitive Phenotype","Mild or absent symptoms; functional independence","Biomarkers within normative range","Moderate symptoms; partial functional impairment","Biomarkers approaching pathological thresholds","Severe symptoms; significant functional impairment","Symptoms present but below diagnostic threshold; partial biomarker picture; requires monitoring for progression"
"17","Unspecified Neurocognitive Phenotype","Mild or absent symptoms; functional independence","Biomarkers within normative range","Moderate symptoms; partial functional impairment","Biomarkers approaching pathological thresholds","Severe symptoms; significant functional impairment","Cognitive decline without identified etiology despite complete workup; requires referral to specialty dementia center"
"18","Paranoid Personality Phenotype","Mild or absent symptoms; functional independence","Biomarkers within normative range","Moderate symptoms; partial functional impairment","Biomarkers approaching pathological thresholds","Severe symptoms; significant functional impairment","Full criteria with persistent hypervigilance; startle augmentation >1.5x; sustained pupillary dilation >3 mm; functional impairment"
"18","Schizoid Personality Phenotype","Mild or absent symptoms; functional independence","Biomarkers within normative range","Moderate symptoms; partial functional impairment","Biomarkers approaching pathological thresholds","Severe symptoms; significant functional impairment","Complete social isolation; RSA >0.35 ln(ms2) with no change during social interaction; pupillary response to happy faces <0.5 mm; SCR <0.1 microS to social reward"
"18","Schizotypal Personality Phenotype","Mild or absent symptoms; functional independence","Biomarkers within normative range","Moderate symptoms; partial functional impairment","Biomarkers approaching pathological thresholds","Severe symptoms; significant functional impairment","Full criteria with psychotic-like symptoms; P50 ratio >0.7; elevated baseline cortisol; reduced PPI"
"18","Antisocial Personality Phenotype","Mild or absent symptoms; functional independence","Biomarkers within normative range","Moderate symptoms; partial functional impairment","Biomarkers approaching pathological thresholds","Severe symptoms; significant functional impairment","Full criteria with callous remorselessness; HR <65 bpm; absent startle potentiation; T:C ratio >0.05; documented conduct disorder before age 15"
"18","Borderline Personality Phenotype","Mild or absent symptoms; functional independence","Biomarkers within normative range","Moderate symptoms; partial functional impairment","Biomarkers approaching pathological thresholds","Severe symptoms; significant functional impairment","Full criteria with recurrent suicidal behavior; marked affective instability; chronic emptiness; inappropriate anger; stress-related paranoia/dissociation"
"18","Histrionic Personality Phenotype","Mild or absent symptoms; functional independence","Biomarkers within normative range","Moderate symptoms; partial functional impairment","Biomarkers approaching pathological thresholds","Severe symptoms; significant functional impairment","Full criteria with pervasive attention-seeking behavior; significant functional impairment; emotional dysregulation"
"18","Narcissistic Personality Phenotype","Mild or absent symptoms; functional independence","Biomarkers within normative range","Moderate symptoms; partial functional impairment","Biomarkers approaching pathological thresholds","Severe symptoms; significant functional impairment","Full criteria with grandiose self-importance; exploitative interpersonal style; lack of empathy; significant functional impairment"
"18","Avoidant Personality Phenotype","Mild or absent symptoms; functional independence","Biomarkers within normative range","Moderate symptoms; partial functional impairment","Biomarkers approaching pathological thresholds","Severe symptoms; significant functional impairment","Full criteria with pervasive social avoidance; RSA <0.12 ln(ms2) during social anticipation; marked functional impairment; social isolation"
"18","Dependent Personality Phenotype","Mild or absent symptoms; functional independence","Biomarkers within normative range","Moderate symptoms; partial functional impairment","Biomarkers approaching pathological thresholds","Severe symptoms; significant functional impairment","Full criteria with excessive dependence; difficulty making everyday decisions; urgent need for replacement relationships; significant functional impairment"
"18","Obsessive-Compulsive Personality Phenotype","Mild or absent symptoms; functional independence","Biomarkers within normative range","Moderate symptoms; partial functional impairment","Biomarkers approaching pathological thresholds","Severe symptoms; significant functional impairment","Full criteria with rigidity, stubbornness, miserly spending; RSA drop >0.35 ln(ms2) during interruption; pupillary dilation >2 mm post-error; functional impairment"
"18","Personality Change Due to Another Medical Condition","Mild or absent symptoms; functional independence","Biomarkers within normative range","Moderate symptoms; partial functional impairment","Biomarkers approaching pathological thresholds","Severe symptoms; significant functional impairment","Persistent personality change from baseline; confirmed CNS lesion or pathophysiology; frontal release signs present; neurological soft signs"
"18","Other Specified Personality Phenotype","Mild or absent symptoms; functional independence","Biomarkers within normative range","Moderate symptoms; partial functional impairment","Biomarkers approaching pathological thresholds","Severe symptoms; significant functional impairment","2+ markers above threshold; identifiable circuit dysregulation; significant impairment; no single phenotype threshold met"
"18","Unspecified Personality Phenotype","Mild or absent symptoms; functional independence","Biomarkers within normative range","Moderate symptoms; partial functional impairment","Biomarkers approaching pathological thresholds","Severe symptoms; significant functional impairment","Insufficient information; full workup required before classification"
"19","Voyeuristic Phenotype","Mild or absent symptoms; functional independence","Biomarkers within normative range","Moderate symptoms; partial functional impairment","Biomarkers approaching pathological thresholds","Severe symptoms; significant functional impairment","Acted out with nonconsenting person; preferential conditioning; orbitofrontal dysfunction; behavioral disinhibition; legal involvement"
"19","Exhibitionistic Phenotype","Mild or absent symptoms; functional independence","Biomarkers within normative range","Moderate symptoms; partial functional impairment","Biomarkers approaching pathological thresholds","Severe symptoms; significant functional impairment","Multiple contact acts; legal involvement; preferential conditioning; orbitofrontal dysfunction; behavioral disinhibition"
"19","Frotteuristic Phenotype","Mild or absent symptoms; functional independence","Biomarkers within normative range","Moderate symptoms; partial functional impairment","Biomarkers approaching pathological thresholds","Severe symptoms; significant functional impairment","Multiple contact acts; legal involvement; disinhibited pattern; orbitofrontal hypoactivation"
"19","Sexual Masochism Phenotype","Mild or absent symptoms; functional independence","Biomarkers within normative range","Moderate symptoms; partial functional impairment","Biomarkers approaching pathological thresholds","Severe symptoms; significant functional impairment","Acted out with nonconsenting person; dangerous practice; asphyxiophilia specifier; behavioral disinhibition; legal involvement"
"19","Sexual Sadism Phenotype","Mild or absent symptoms; functional independence","Biomarkers within normative range","Moderate symptoms; partial functional impairment","Biomarkers approaching pathological thresholds","Severe symptoms; significant functional impairment","Acted out with nonconsenting person; preferential conditioning; significant victim harm; legal involvement; behavioral disinhibition"
"19","Pedophilic Phenotype","Mild or absent symptoms; functional independence","Biomarkers within normative range","Moderate symptoms; partial functional impairment","Biomarkers approaching pathological thresholds","Severe symptoms; significant functional impairment","Acted out with child; preferential type; multiple victims; legal involvement; high recidivism risk; orbitofrontal and anterior cingulate dysfunction"
"19","Fetishistic Phenotype","Mild or absent symptoms; functional independence","Biomarkers within normative range","Moderate symptoms; partial functional impairment","Biomarkers approaching pathological thresholds","Severe symptoms; significant functional impairment","Functional impairment when object unavailable; significant distress; behavioral disinhibition; legal involvement if acquisition involves theft"
"19","Transvestic Phenotype","Mild or absent symptoms; functional independence","Biomarkers within normative range","Moderate symptoms; partial functional impairment","Biomarkers approaching pathological thresholds","Severe symptoms; significant functional impairment","Significant distress or impairment; conflict between arousal template and social identity; dual-identity management allostatic load"
"19","Other Specified Paraphilic Phenotype","Mild or absent symptoms; functional independence","Biomarkers within normative range","Moderate symptoms; partial functional impairment","Biomarkers approaching pathological thresholds","Severe symptoms; significant functional impairment","Acted out with nonconsenting persons or dangerous practice; preferential conditioning; orbitofrontal dysfunction; behavioral disinhibition"
"19","Unspecified Paraphilic Phenotype","Mild or absent symptoms; functional independence","Biomarkers within normative range","Moderate symptoms; partial functional impairment","Biomarkers approaching pathological thresholds","Severe symptoms; significant functional impairment","Insufficient information for specific phenotyping; pending full evaluation"
"20","Unspecified Somatic-Originating Presentation Due to Another Medical Condition","Mild or absent symptoms; functional independence","Biomarkers within normative range","Moderate symptoms; partial functional impairment","Biomarkers approaching pathological thresholds","Severe symptoms; significant functional impairment","No medical etiology found OR medical treatment ineffective; signals entrained >90 days; CRP >10 mg/L; HRV <20 ms RMSSD; elevated IL-6"
"20","Other Specified Somatic Presentation","Mild or absent symptoms; functional independence","Biomarkers within normative range","Moderate symptoms; partial functional impairment","Biomarkers approaching pathological thresholds","Severe symptoms; significant functional impairment","Specified pattern continuous >6 months with systemic hardening; CAR flat; RMSSD <20 ms; elevated fibrinogen"
"20","Unspecified Somatic Presentation","Mild or absent symptoms; functional independence","Biomarkers within normative range","Moderate symptoms; partial functional impairment","Biomarkers approaching pathological thresholds","Severe symptoms; significant functional impairment",">72 hours without re-evaluation or no effort to specify; persistent autonomic dysregulation with no diagnostic framework"
"20","Neuroleptic-Induced Parkinsonian Rigidity Syndrome","Mild or absent symptoms; functional independence","Biomarkers within normative range","Moderate symptoms; partial functional impairment","Biomarkers approaching pathological thresholds","Severe symptoms; significant functional impairment","Severe rigidity with immobility, falls, dysphagia; <10 taps/10 s; lead-pipe rigidity; unresponsive to dose reduction; elevated CK"
"20","Other Medication-Induced Parkinsonian Rigidity Syndrome","Mild or absent symptoms; functional independence","Biomarkers within normative range","Moderate symptoms; partial functional impairment","Biomarkers approaching pathological thresholds","Severe symptoms; significant functional impairment","Rigidity with falls, aspiration risk; continued despite drug cessation; gait >15 s; glabellar >5; CK elevation"
"20","Neuroleptic Malignant Thermoregulatory Collapse","Mild or absent symptoms; functional independence","Biomarkers within normative range","Moderate symptoms; partial functional impairment","Biomarkers approaching pathological thresholds","Severe symptoms; significant functional impairment","Full syndrome with stupor/coma, respiratory distress, rhabdomyolysis; temp >39.5 C; CK >5,000 U/L; metabolic acidosis; renal compromise"
"20","Medication-Induced Acute Dystonic Contraction","Mild or absent symptoms; functional independence","Biomarkers within normative range","Moderate symptoms; partial functional impairment","Biomarkers approaching pathological thresholds","Severe symptoms; significant functional impairment","Opisthotonos; laryngospasm; unable to override; stridor with desaturation; CK rise; inability to protect airway"
"20","Medication-Induced Acute Akathitic Drive","Mild or absent symptoms; functional independence","Biomarkers within normative range","Moderate symptoms; partial functional impairment","Biomarkers approaching pathological thresholds","Severe symptoms; significant functional impairment","Continuous pacing unable to sit; severe distress; self-report >7/10; cannot sit >30 s; medication refusal or violence risk; cortisol surge"
"20","Medication-Induced Tardive Dyskinesia","Mild or absent symptoms; functional independence","Biomarkers within normative range","Moderate symptoms; partial functional impairment","Biomarkers approaching pathological thresholds","Severe symptoms; significant functional impairment","Movements visible at rest; unable to suppress; AIMS >8; dysarthria; difficulty retaining dentures; respiratory dyskinesia"
"20","Medication-Induced Postural Tremor","Mild or absent symptoms; functional independence","Biomarkers within normative range","Moderate symptoms; partial functional impairment","Biomarkers approaching pathological thresholds","Severe symptoms; significant functional impairment","Severe tremor preventing feeding, drinking unassisted; constant spill; unable to sign name; caregiver dependence; social withdrawal"
"20","Other Medication-Induced Movement Syndrome","Mild or absent symptoms; functional independence","Biomarkers within normative range","Moderate symptoms; partial functional impairment","Biomarkers approaching pathological thresholds","Severe symptoms; significant functional impairment","Severe movement with systemic involvement; CK >3x normal; autonomic instability; unable to discontinue medication; persistent >6 months"
"20","Antidepressant Discontinuation Neuro-Somatic Syndrome","Mild or absent symptoms; functional independence","Biomarkers within normative range","Moderate symptoms; partial functional impairment","Biomarkers approaching pathological thresholds","Severe symptoms; significant functional impairment","Severe sensory symptoms with inability to function; suicidal ideation or need for immediate rescue reinstatement; functional collapse without taper"
"20","Parent-Child Relational Stress Phenotype","Mild or absent symptoms; functional independence","Biomarkers within normative range","Moderate symptoms; partial functional impairment","Biomarkers approaching pathological thresholds","Severe symptoms; significant functional impairment","Pattern continuous >12 months; physical threats or estrangement; child or parent has somatic phenotype; flat cortisol; HRV <20 ms; CRP elevation in child"
"20","Sibling Relational Stress Phenotype","Mild or absent symptoms; functional independence","Biomarkers within normative range","Moderate symptoms; partial functional impairment","Biomarkers approaching pathological thresholds","Severe symptoms; significant functional impairment","Continuous pattern with physical injury risk; parental differential treatment evident; targeted sibling with flat cortisol; HRV <20 ms; elevated BP"
"20","Intimate Partner Relational Stress Phenotype","Mild or absent symptoms; functional independence","Biomarkers within normative range","Moderate symptoms; partial functional impairment","Biomarkers approaching pathological thresholds","Severe symptoms; significant functional impairment","Pattern >18 months; threats, contempt, or stonewalling present; one partner meets mood-related phenotype criteria; flat cortisol; HRV <20 ms; hypertension"
"20","High Expressed Emotion Family Climate","Mild or absent symptoms; functional independence","Biomarkers within normative range","Moderate symptoms; partial functional impairment","Biomarkers approaching pathological thresholds","Severe symptoms; significant functional impairment","Hostile family climate; member has relapsed phenotype; HRV <20 ms; flat cortisol; inflammatory markers elevated"
"20","Child Physical Abuse Injury Phenotype","Mild or absent symptoms; functional independence","Biomarkers within normative range","Moderate symptoms; partial functional impairment","Biomarkers approaching pathological thresholds","Severe symptoms; significant functional impairment","Confirmed non-accidental injury; child remains in unsafe environment; multiple healing fractures at different stages; flat CAR; CRP elevated"
"20","Child Sexual Abuse Neuro-Somatic Injury Phenotype","Mild or absent symptoms; functional independence","Biomarkers within normative range","Moderate symptoms; partial functional impairment","Biomarkers approaching pathological thresholds","Severe symptoms; significant functional impairment","Confirmed contact with physical findings; or suspected with severe dysregulation; flat cortisol; anogenital scarring; pelvic floor dysfunction"
"20","Adult Partner Physical Assault Injury Phenotype","Mild or absent symptoms; functional independence","Biomarkers within normative range","Moderate symptoms; partial functional impairment","Biomarkers approaching pathological thresholds","Severe symptoms; significant functional impairment","Severe or repeated assault with strangulation, weapon use, or loss of consciousness; refusal or inability to leave; HRV <20 ms; flat cortisol; prior head trauma signs"
"20","Adult Neglect/Dependency Deprivation Phenotype","Mild or absent symptoms; functional independence","Biomarkers within normative range","Moderate symptoms; partial functional impairment","Biomarkers approaching pathological thresholds","Severe symptoms; significant functional impairment","Severe neglect with malnutrition, infection, or avoidable hospitalization; >10% weight loss; stage 3+ pressure ulcer; sepsis; electrolyte derangement"
"20","Educational Access and Performance Stress Phenotype","Mild or absent symptoms; functional independence","Biomarkers within normative range","Moderate symptoms; partial functional impairment","Biomarkers approaching pathological thresholds","Severe symptoms; significant functional impairment","Complete school disengagement; somatic phenotype present; functional illiteracy; absenteeism >15 days/month; flat cortisol; HRV <20 ms"
"20","Occupational Stress and Role Dysfunction Phenotype","Mild or absent symptoms; functional independence","Biomarkers within normative range","Moderate symptoms; partial functional impairment","Biomarkers approaching pathological thresholds","Severe symptoms; significant functional impairment","Job loss, disability claiming, or occupational illness; full physiological dysregulation; flat cortisol; HRV <20 ms; hypertension; sick leave >30 days"
"20","Housing Deprivation Phenotype","Mild or absent symptoms; functional independence","Biomarkers within normative range","Moderate symptoms; partial functional impairment","Biomarkers approaching pathological thresholds","Severe symptoms; significant functional impairment","Chronic homelessness >6 months with exposure-related illness; BMI <18.5; albumin <3.0; hypothermia or hyperthermia injury; infectious disease"
"20","Economic Deprivation Phenotype","Mild or absent symptoms; functional independence","Biomarkers within normative range","Moderate symptoms; partial functional impairment","Biomarkers approaching pathological thresholds","Severe symptoms; significant functional impairment","Severe poverty with chronic hunger, unsafe water, and no social safety net; flat cortisol; BMI <18.5; waterborne illness; stunting in children"
"20","Social Exclusion/Rejection Phenotype","Mild or absent symptoms; functional independence","Biomarkers within normative range","Moderate symptoms; partial functional impairment","Biomarkers approaching pathological thresholds","Severe symptoms; significant functional impairment","Chronic severe exclusion with complete social isolation; bullying with physical injury; CRP >10 mg/L; HRV <20 ms; flat cortisol; trauma signs"
"20","Acculturation Transition Phenotype","Mild or absent symptoms; functional independence","Biomarkers within normative range","Moderate symptoms; partial functional impairment","Biomarkers approaching pathological thresholds","Severe symptoms; significant functional impairment","Migration <1 year ago OR refugee/asylee status; no host language; social isolation; flat cortisol; sleep <5 h; HRV <20 ms; multiple somatic complaints"
"20","Phase-of-Life Transition Stress Phenotype","Mild or absent symptoms; functional independence","Biomarkers within normative range","Moderate symptoms; partial functional impairment","Biomarkers approaching pathological thresholds","Severe symptoms; significant functional impairment","Transition-related distress >6 months with functional collapse; pre-existing vulnerability; second phenotype emerges; flat cortisol; HRV <20 ms"
"20","Attenuated Psychosis-Neuro-somatic Signal Phenotype","Mild or absent symptoms; functional independence","Biomarkers within normative range","Moderate symptoms; partial functional impairment","Biomarkers approaching pathological thresholds","Severe symptoms; significant functional impairment","Symptoms nearly daily; marked distress; functional decline >15 points; progression to full psychosis risk >30% at 3 years; progressive gray matter reduction"
"20","Short-Duration Hypomanic-Depressive Cycling Phenotype","Mild or absent symptoms; functional independence","Biomarkers within normative range","Moderate symptoms; partial functional impairment","Biomarkers approaching pathological thresholds","Severe symptoms; significant functional impairment","Frequent cycling with severe depressive episodes; suicide attempt history; sleep <5 h; step count >75% increase; elevated suicide risk"
"20","Persistent Complex Bereavement Somatic Phenotype","Mild or absent symptoms; functional independence","Biomarkers within normative range","Moderate symptoms; partial functional impairment","Biomarkers approaching pathological thresholds","Severe symptoms; significant functional impairment","Yearning constant; identity collapse; suicidal ideation; medical morbidity (cardiac, immune) at 12+ months; flat cortisol; CRP >10 mg/L"
"20","Caffeine Use Dependence Phenotype","Mild or absent symptoms; functional independence","Biomarkers within normative range","Moderate symptoms; partial functional impairment","Biomarkers approaching pathological thresholds","Severe symptoms; significant functional impairment","Daily use >500 mg; continued use despite medical harm; functional impairment from withdrawal or intoxication; tachycardia at rest; insomnia; anxiety"
"20","Internet Gaming Reward-Seeking Phenotype","Mild or absent symptoms; functional independence","Biomarkers within normative range","Moderate symptoms; partial functional impairment","Biomarkers approaching pathological thresholds","Severe symptoms; significant functional impairment","Gaming >30 h/week; weight loss; sleep deprivation; role loss (job/academic failure); deception about use; BMI <18.5; sleep debt >3 h/night; HRV <20 ms"
"20","Prenatal Alcohol Neuro-Somatic Adaptation Phenotype","Mild or absent symptoms; functional independence","Biomarkers within normative range","Moderate symptoms; partial functional impairment","Biomarkers approaching pathological thresholds","Severe symptoms; significant functional impairment","Documented exposure + IQ <=70 or severe executive dysfunction; marked adaptive deficits; Vineland adaptive composite <70; comorbid ADHD/ODD"
"20","Suicidal Behavior Phenotype","Mild or absent symptoms; functional independence","Biomarkers within normative range","Moderate symptoms; partial functional impairment","Biomarkers approaching pathological thresholds","Severe symptoms; significant functional impairment",">1 attempt in 24 months; high-lethality method; current intent; personality phenotype present; flat cortisol; CRP >10 mg/L; serotonin transporter binding reduced"
"20","Nonsuicidal Self-Injury Phenotype","Mild or absent symptoms; functional independence","Biomarkers within normative range","Moderate symptoms; partial functional impairment","Biomarkers approaching pathological thresholds","Severe symptoms; significant functional impairment",">20 episodes/year; multiple methods; escalating severity; dependence on behavior for affect regulation; blunted baseline beta-endorphin; marked pain threshold elevation"
